StackNumber,Protons,PX,PY,PZ,P2P3,P12,PE,SlotOrien,SlotSpin,Tcount,CanBind,h6,ep5,ps5,h4,ep3,ps3,h2,ep1,ps1,h1,ep2,ps2,h3,ep4,ps4,h5,ep6,ps6,h7,Cfhole,Hloc,h6x,h6y,h6z,p5x,p5y,p5z,h4x,h4y,h4z,p3x,p3y,p3z,h2x,h2y,h2z,p1x,p1y,p1z,h1x,h1y,h1z,p2x,p2y,p2z,h3x,h3y,h3z,p4x,p4y,p4z,h5x,h5y,h5z,p6x,p6y,p6z,h7x,h7y,h7z,Neutrons,N1N2,N1,N2,N3,N4,N5,N6,n1x,n1y,n1z,n2x,n2y,n2z,n3x,n3y,n3z,n4x,n4y,n4z,n5x,n5y,n5z,n6x,n6y,n6z,Electrons,e1x,e1y,e1z,e2x,e2y,e2z,e3x,e3y,e3z,e4x,e4y,e4z,e5x,e5y,e5z,e6x,e6y,e6z,,,,,,,,,,,,,,,
1,1,0.0,0.0,0.0,0.3,0.295,0.0648,Z,L,0,Y,,,,,,,,T,L,b,,,,,,,,,,b,h1z,0.0,0.0,0,0.0,0.0,0,0.0,0.0,0,0.0,0.0,0,0.0,0.0,0,0.0,0.0,0.15,0.0,0.0,-0.15,0.0,0.0,0,0.0,0.0,0,0.0,0.0,0,0.0,0.0,0,0.0,0.0,0,0.0,0.0,0,1,0.45,1,0,0,0,0,0,0.15,0.0,-0.15,0,0.0,0,0,0.0,0,0,0.0,0,0,0.0,0,0,0.0,0,T,0.045,0.0,0.0648,0,0.0,0,0,0.0,0,0,0.0,0,0,0.0,0,0,0.0,0,,,,,,,,,,,,,,,
2,1,0.0,0.0,0.0,0.3,0.295,0.0648,Z,R,0,Y,,,,,,,t,B,R,,,,,,,,,,,t,h2z,0.0,0.0,0,0.0,0.0,0,0.0,0.0,0,0.0,0.0,0,0.0,0.0,0.15,0.0,0.0,-0.15,0.0,0.0,0,0.0,0.0,0,0.0,0.0,0,0.0,0.0,0,0.0,0.0,0,0.0,0.0,0,0.0,0.0,0,1,0.45,1,0,0,0,0,0,0.15,0.0,0.15,0,0.0,0,0,0.0,0,0,0.0,0,0,0.0,0,0,0.0,0,B,0.045,0.0,-0.0648,0,0.0,0,0,0.0,0,0,0.0,0,0,0.0,0,0,0.0,0,,,,,,,,,,,,,,,
3,1,0.0,0.0,0.0,0.3,0.295,0.0648,Z,R,0,Y,,,,,,,,T,R,b,,,,,,,,,,b,h1z,0.0,0.0,0,0.0,0.0,0,0.0,0.0,0,0.0,0.0,0,0.0,0.0,0,0.0,0.0,0.15,0.0,0.0,-0.15,0.0,0.0,0,0.0,0.0,0,0.0,0.0,0,0.0,0.0,0,0.0,0.0,0,0.0,0.0,0,1,0.45,1,0,0,0,0,0,0.15,0.0,-0.15,0,0.0,0,0,0.0,0,0,0.0,0,0,0.0,0,0,0.0,0,T,0.045,0.0,0.0648,0,0.0,0,0,0.0,0,0,0.0,0,0,0.0,0,0,0.0,0,,,,,,,,,,,,,,,
4,1,0.0,0.0,0.0,0.3,0.295,0.0648,Z,L,0,Y,,,,,,,t,B,L,,,,,,,,,,,t,h2z,0.0,0.0,0,0.0,0.0,0,0.0,0.0,0,0.0,0.0,0,0.0,0.0,0.15,0.0,0.0,-0.15,0.0,0.0,0,0.0,0.0,0,0.0,0.0,0,0.0,0.0,0,0.0,0.0,0,0.0,0.0,0,0.0,0.0,0,1,0.45,1,0,0,0,0,0,0.15,0.0,0.15,0,0.0,0,0,0.0,0,0,0.0,0,0,0.0,0,0,0.0,0,B,0.045,0.0,-0.0648,0,0.0,0,0,0.0,0,0,0.0,0,0,0.0,0,0,0.0,0,,,,,,,,,,,,,,,
5,2,0.0,0.0,0.0,0.3,0.295,0.0648,Z,L,0,Y,,,,,,,,T,L,,T,L,b,,,,,,,b,h3z,0.0,0.0,0,0.0,0.0,0,0.0,0.0,0,0.0,0.0,0,0.0,0.0,0,0.0,0.0,0.3,0.0,0.0,0,0.0,0.0,0,0.0,0.0,-0.3,0.0,0.0,0,0.0,0.0,0,0.0,0.0,0,0.0,0.0,0,2,0.45,0,2,0,0,0,0,0.15,0.0,-0.15,0.15,0.0,-0.15,0,0.0,0,0,0.0,0,0,0.0,0,0,0.0,0,T,0.045,0.0,0.0648,0.045,0.0,0.0648,0,0.0,0,0,0.0,0,0,0.0,0,0,0.0,0,,,,,,,,,,,,,,,
6,2,0.0,0.0,0.0,0.3,0.295,0.0648,Z,R,0,Y,,,,,,,t,B,R,,B,R,,,,,,,,t,h2z,0.0,0.0,0,0.0,0.0,0,0.0,0.0,0,0.0,0.0,0,0.0,0.0,0.3,0.0,0.0,0,0.0,0.0,0,0.0,0.0,-0.3,0.0,0.0,0,0.0,0.0,0,0.0,0.0,0,0.0,0.0,0,0.0,0.0,0,2,0.45,0,2,0,0,0,0,0.15,0.0,0.15,0.15,0.0,0.15,0,0.0,0,0,0.0,0,0,0.0,0,0,0.0,0,B,0.045,0.0,-0.0648,0.045,0.0,-0.0648,0,0.0,0,0,0.0,0,0,0.0,0,0,0.0,0,,,,,,,,,,,,,,,
7,2,0.0,0.0,0.0,0.3,0.295,0.0648,Z,R,0,Y,,,,,,,,T,R,,T,R,b,,,,,,,b,h3z,0.0,0.0,0,0.0,0.0,0,0.0,0.0,0,0.0,0.0,0,0.0,0.0,0,0.0,0.0,0.3,0.0,0.0,0,0.0,0.0,0,0.0,0.0,-0.3,0.0,0.0,0,0.0,0.0,0,0.0,0.0,0,0.0,0.0,0,2,0.45,0,2,0,0,0,0,0.15,0.0,-0.15,0.15,0.0,-0.15,0,0.0,0,0,0.0,0,0,0.0,0,0,0.0,0,T,0.045,0.0,0.0648,0.045,0.0,0.0648,0,0.0,0,0,0.0,0,0,0.0,0,0,0.0,0,,,,,,,,,,,,,,,
8,2,0.0,0.0,0.0,0.3,0.295,0.0648,Z,L,0,Y,,,,,,,t,B,L,,B,L,,,,,,,,t,h2z,0.0,0.0,0,0.0,0.0,0,0.0,0.0,0,0.0,0.0,0,0.0,0.0,0.3,0.0,0.0,0,0.0,0.0,0,0.0,0.0,-0.3,0.0,0.0,0,0.0,0.0,0,0.0,0.0,0,0.0,0.0,0,0.0,0.0,0,2,0.45,0,2,0,0,0,0,0.15,0.0,0.15,0.15,0.0,0.15,0,0.0,0,0,0.0,0,0,0.0,0,0,0.0,0,B,0.045,0.0,-0.0648,0.045,0.0,-0.0648,0,0.0,0,0,0.0,0,0,0.0,0,0,0.0,0,,,,,,,,,,,,,,,
9,2,0.0,0.0,0.0,0.3,0.295,0.0648,Z,A,1,Y,,,,,,,,T,L,bt,B,R,,,,,,,,bt1,h1z,0.0,0.0,0,0.0,0.0,0,0.0,0.0,0,0.0,0.0,0,0.0,0.0,0,0.0,0.0,0.3,0.0,0.0,0,0.0,0.0,-0.3,0.0,0.0,0,0.0,0.0,0,0.0,0.0,0,0.0,0.0,0,0.0,0.0,0,2,0.45,0,2,0,0,0,0,0.15,0.0,-0.15,0.15,0.0,0.15,0,0.0,0,0,0.0,0,0,0.0,0,0,0.0,0,A,0.045,0.0,0.0648,0.045,0.0,-0.0648,0,0.0,0,0,0.0,0,0,0.0,0,0,0.0,0,,,,,,,,,,,,,,,
10,2,0.0,0.0,0.0,0.3,0.295,0.0648,Z,V,1,Y,,,,,,,,T,R,bt,B,L,,,,,,,,bt1,h1z,0.0,0.0,0,0.0,0.0,0,0.0,0.0,0,0.0,0.0,0,0.0,0.0,0,0.0,0.0,0.3,0.0,0.0,0,0.0,0.0,-0.3,0.0,0.0,0,0.0,0.0,0,0.0,0.0,0,0.0,0.0,0,0.0,0.0,0,2,0.45,0,2,0,0,0,0,0.15,0.0,-0.15,0.15,0.0,0.15,0,0.0,0,0,0.0,0,0,0.0,0,0,0.0,0,V,0.045,0.0,0.0648,0.045,0.0,-0.0648,0,0.0,0,0,0.0,0,0,0.0,0,0,0.0,0,,,,,,,,,,,,,,,
11,2,0.0,0.0,0.0,0.3,0.295,0.0648,Z,E,1,Y,,,,,,,,T,R,bt,B,R,,,,,,,,bt1,h1z,0.0,0.0,0,0.0,0.0,0,0.0,0.0,0,0.0,0.0,0,0.0,0.0,0,0.0,0.0,0.3,0.0,0.0,0,0.0,0.0,-0.3,0.0,0.0,0,0.0,0.0,0,0.0,0.0,0,0.0,0.0,0,0.0,0.0,0,2,0.45,0,2,0,0,0,0,0.15,0.0,-0.15,0.15,0.0,0.15,0,0.0,0,0,0.0,0,0,0.0,0,0,0.0,0,E,0.045,0.0,0.0648,0.045,0.0,-0.0648,0,0.0,0,0,0.0,0,0,0.0,0,0,0.0,0,,,,,,,,,,,,,,,
12,2,0.0,0.0,0.0,0.3,0.295,0.0648,Z,W,1,Y,,,,,,,,T,L,bt,B,L,,,,,,,,bt1,h1z,0.0,0.0,0,0.0,0.0,0,0.0,0.0,0,0.0,0.0,0,0.0,0.0,0,0.0,0.0,0.3,0.0,0.0,0,0.0,0.0,-0.3,0.0,0.0,0,0.0,0.0,0,0.0,0.0,0,0.0,0.0,0,0.0,0.0,0,2,0.45,0,2,0,0,0,0,0.15,0.0,-0.15,0.15,0.0,0.15,0,0.0,0,0,0.0,0,0,0.0,0,0,0.0,0,W,0.045,0.0,0.0648,0.045,0.0,-0.0648,0,0.0,0,0,0.0,0,0,0.0,0,0,0.0,0,,,,,,,,,,,,,,,
13,3,0.0,0.0,0.0,0.3,0.295,0.0648,Z,L,0,Y,,,,,T,L,,T,L,,T,L,b,,,,,,,b,h3z,0.0,0.0,0,0.0,0.0,0,0.0,0.0,0,0.0,0.0,0.45,0.0,0.0,0,0.0,0.0,1.5,0.0,0.0,0,0.0,0.0,-1.5,0.0,0.0,-4.5,0.0,0.0,0,0.0,0.0,0,0.0,0.0,0,0.0,0.0,0,3,0.45,2,0,1,0,0,0,0.15,0.0,-0.15,0.15,0.0,-0.15,0.15,0.0,-0.15,0,0.0,0,0,0.0,0,0,0.0,0,T,0.045,0.0,0.0648,0.045,0.0,0.0648,0.045,0.0,0.0648,0,0.0,0,0,0.0,0,0,0.0,0,,,,,,,,,,,,,,,
14,3,0.0,0.0,0.0,0.3,0.295,0.0648,Z,R,0,Y,,,,t,B,R,,B,R,,B,R,,,,,,,,t,h4z,0.0,0.0,0,0.0,0.0,0,0.0,0.0,0.45,0.0,0.0,1.5,0.0,0.0,0,0.0,0.0,-1.5,0.0,0.0,0,0.0,0.0,-0.45,0.0,0.0,0,0.0,0.0,0,0.0,0.0,0,0.0,0.0,0,0.0,0.0,0,3,0.45,2,0,1,0,0,0,0.15,0.0,0.15,0.15,0.0,0.15,0.15,0.0,0.15,0,0.0,0,0,0.0,0,0,0.0,0,B,0.045,0.0,-0.0648,0.045,0.0,-0.0648,0.045,0.0,-0.0648,0,0.0,0,0,0.0,0,0,0.0,0,,,,,,,,,,,,,,,
15,3,0.0,0.0,0.0,0.3,0.295,0.0648,Z,R,0,Y,,,,,T,R,,T,R,,T,R,b,,,,,,,b,h3z,0.0,0.0,0,0.0,0.0,0,0.0,0.0,0,0.0,0.0,0.45,0.0,0.0,0,0.0,0.0,1.5,0.0,0.0,0,0.0,0.0,-1.5,0.0,0.0,-4.5,0.0,0.0,0,0.0,0.0,0,0.0,0.0,0,0.0,0.0,0,3,0.45,2,0,1,0,0,0,0.15,0.0,-0.15,0.15,0.0,-0.15,0.15,0.0,-0.15,0,0.0,0,0,0.0,0,0,0.0,0,T,0.045,0.0,0.0648,0.045,0.0,0.0648,0.045,0.0,0.0648,0,0.0,0,0,0.0,0,0,0.0,0,,,,,,,,,,,,,,,
16,3,0.0,0.0,0.0,0.3,0.295,0.0648,Z,L,0,Y,,,,t,B,L,,B,L,,B,L,,,,,,,,t,h4z,0.0,0.0,0,0.0,0.0,0,0.0,0.0,0.45,0.0,0.0,1.5,0.0,0.0,0,0.0,0.0,-1.5,0.0,0.0,0,0.0,0.0,-0.45,0.0,0.0,0,0.0,0.0,0,0.0,0.0,0,0.0,0.0,0,0.0,0.0,0,3,0.45,2,0,1,0,0,0,0.15,0.0,0.15,0.15,0.0,0.15,0.15,0.0,0.15,0,0.0,0,0,0.0,0,0,0.0,0,B,0.045,0.0,-0.0648,0.045,0.0,-0.0648,0.045,0.0,-0.0648,0,0.0,0,0,0.0,0,0,0.0,0,,,,,,,,,,,,,,,
17,3,0.0,0.0,0.0,0.3,0.295,0.0648,Z,A,1,Y,,,,,T,L,bt,B,R,,B,R,,,,,,,,bt1,h2z,0.0,0.0,0,0.0,0.0,0,0.0,0.0,0,0.0,0.0,0.45,0.0,0.0,0.15,0.0,0.0,-0.15,0.0,0.0,0,0.0,0.0,-0.45,0.0,0.0,0,0.0,0.0,0,0.0,0.0,0,0.0,0.0,0,0.0,0.0,0,3,0.45,2,0,1,0,0,0,0.15,0.0,0.15,0.15,0.0,0.15,0.15,0.0,-0.15,0,0.0,0,0,0.0,0,0,0.0,0,A,0.045,0.0,-0.0648,0.045,0.0,-0.0648,0.045,0.0,0.0648,0,0.0,0,0,0.0,0,0,0.0,0,,,,,,,,,,,,,,,
18,3,0.0,0.0,0.0,0.3,0.295,0.0648,Z,V,1,Y,,,,,T,R,bt,B,L,,B,L,,,,,,,,bt1,h2z,0.0,0.0,0,0.0,0.0,0,0.0,0.0,0,0.0,0.0,0.45,0.0,0.0,0.15,0.0,0.0,-0.15,0.0,0.0,0,0.0,0.0,-0.45,0.0,0.0,0,0.0,0.0,0,0.0,0.0,0,0.0,0.0,0,0.0,0.0,0,3,0.45,2,0,1,0,0,0,0.15,0.0,0.15,0.15,0.0,0.15,0.15,0.0,-0.15,0,0.0,0,0,0.0,0,0,0.0,0,V,0.045,0.0,-0.0648,0.045,0.0,-0.0648,0.045,0.0,0.0648,0,0.0,0,0,0.0,0,0,0.0,0,,,,,,,,,,,,,,,
19,3,0.0,0.0,0.0,0.3,0.295,0.0648,Z,E,1,Y,,,,,T,R,bt,B,R,,B,R,,,,,,,,bt1,h2z,0.0,0.0,0,0.0,0.0,0,0.0,0.0,0,0.0,0.0,0.45,0.0,0.0,0.15,0.0,0.0,-0.15,0.0,0.0,0,0.0,0.0,-0.45,0.0,0.0,0,0.0,0.0,0,0.0,0.0,0,0.0,0.0,0,0.0,0.0,0,3,0.45,2,0,1,0,0,0,0.15,0.0,0.15,0.15,0.0,0.15,0.15,0.0,-0.15,0,0.0,0,0,0.0,0,0,0.0,0,E,0.045,0.0,-0.0648,0.045,0.0,-0.0648,0.045,0.0,0.0648,0,0.0,0,0,0.0,0,0,0.0,0,,,,,,,,,,,,,,,
20,3,0.0,0.0,0.0,0.3,0.295,0.0648,Z,W,1,Y,,,,,T,L,bt,B,L,,B,L,,,,,,,,bt1,h2z,0.0,0.0,0,0.0,0.0,0,0.0,0.0,0,0.0,0.0,0.45,0.0,0.0,0.15,0.0,0.0,-0.15,0.0,0.0,0,0.0,0.0,-0.45,0.0,0.0,0,0.0,0.0,0,0.0,0.0,0,0.0,0.0,0,0.0,0.0,0,3,0.45,2,0,1,0,0,0,0.15,0.0,0.15,0.15,0.0,0.15,0.15,0.0,-0.15,0,0.0,0,0,0.0,0,0,0.0,0,W,0.045,0.0,-0.0648,0.045,0.0,-0.0648,0.045,0.0,0.0648,0,0.0,0,0,0.0,0,0,0.0,0,,,,,,,,,,,,,,,
21,3,0.0,0.0,0.0,0.3,0.295,0.0648,Z,A,2,Y,,,,,T,L,,T,L,bt,B,R,,,,,,,,bt2,h1z,0.0,0.0,0,0.0,0.0,0,0.0,0.0,0,0.0,0.0,0.45,0.0,0.0,0,0.0,0.0,0.15,0.0,0.0,-0.15,0.0,0.0,-0.45,0.0,0.0,0,0.0,0.0,0,0.0,0.0,0,0.0,0.0,0,0.0,0.0,0,3,0.45,2,0,1,0,0,0,0.15,0.0,-0.15,0.15,0.0,0.15,0.15,0.0,-0.15,0,0.0,0,0,0.0,0,0,0.0,0,A,0.045,0.0,0.0648,0.045,0.0,-0.0648,0.045,0.0,0.0648,0,0.0,0,0,0.0,0,0,0.0,0,,,,,,,,,,,,,,,
22,3,0.0,0.0,0.0,0.3,0.295,0.0648,Z,V,2,Y,,,,,T,R,,T,R,bt,B,L,,,,,,,,bt2,h1z,0.0,0.0,0,0.0,0.0,0,0.0,0.0,0,0.0,0.0,0.45,0.0,0.0,0,0.0,0.0,0.15,0.0,0.0,-0.15,0.0,0.0,-0.45,0.0,0.0,0,0.0,0.0,0,0.0,0.0,0,0.0,0.0,0,0.0,0.0,0,3,0.45,2,0,1,0,0,0,0.15,0.0,-0.15,0.15,0.0,0.15,0.15,0.0,-0.15,0,0.0,0,0,0.0,0,0,0.0,0,V,0.045,0.0,0.0648,0.045,0.0,-0.0648,0.045,0.0,0.0648,0,0.0,0,0,0.0,0,0,0.0,0,,,,,,,,,,,,,,,
23,3,0.0,0.0,0.0,0.3,0.295,0.0648,Z,E,2,Y,,,,,T,R,,T,R,bt,B,R,,,,,,,,bt2,h1z,0.0,0.0,0,0.0,0.0,0,0.0,0.0,0,0.0,0.0,0.45,0.0,0.0,0,0.0,0.0,0.15,0.0,0.0,-0.15,0.0,0.0,-0.45,0.0,0.0,0,0.0,0.0,0,0.0,0.0,0,0.0,0.0,0,0.0,0.0,0,3,0.45,2,0,1,0,0,0,0.15,0.0,-0.15,0.15,0.0,0.15,0.15,0.0,-0.15,0,0.0,0,0,0.0,0,0,0.0,0,E,0.045,0.0,0.0648,0.045,0.0,-0.0648,0.045,0.0,0.0648,0,0.0,0,0,0.0,0,0,0.0,0,,,,,,,,,,,,,,,
24,3,0.0,0.0,0.0,0.3,0.295,0.0648,Z,W,2,Y,,,,,T,L,,T,L,bt,B,L,,,,,,,,bt2,h1z,0.0,0.0,0,0.0,0.0,0,0.0,0.0,0,0.0,0.0,0.45,0.0,0.0,0,0.0,0.0,0.15,0.0,0.0,-0.15,0.0,0.0,-0.45,0.0,0.0,0,0.0,0.0,0,0.0,0.0,0,0.0,0.0,0,0.0,0.0,0,3,0.45,2,0,1,0,0,0,0.15,0.0,-0.15,0.15,0.0,0.15,0.15,0.0,-0.15,0,0.0,0,0,0.0,0,0,0.0,0,W,0.045,0.0,0.0648,0.045,0.0,-0.0648,0.045,0.0,0.0648,0,0.0,0,0,0.0,0,0,0.0,0,,,,,,,,,,,,,,,
25,4,0.0,0.0,0.0,0.3,0.295,0.0648,Z,L,0,Y,,,,,T,L,,T,L,,T,L,,T,L,b,,,,b,h5z,0.0,0.0,0,0.0,0.0,0,0.0,0.0,0,0.0,0.0,0.6,0.0,0.0,0,0.0,0.0,0.3,0.0,0.0,0,0.0,0.0,0,0.0,0.0,0,0.0,0.0,-0.3,0.0,0.0,-0.6,0.0,0.0,0,0.0,0.0,0,4,0.45,1,1,1,1,0,0,0.15,0.0,-0.15,0.15,0.0,-0.15,0.15,0.0,-0.15,0.15,0.0,-0.15,0,0.0,0,0,0.0,0,T,0.045,0.0,0.0648,0.045,0.0,0.0648,0.045,0.0,0.0648,0.045,0.0,0.0648,0,0.0,0,0,0.0,0,,,,,,,,,,,,,,,
26,4,0.0,0.0,0.0,0.3,0.295,0.0648,Z,R,0,Y,,,,t,B,R,,B,R,,B,R,,B,R,,,,,t,h4z,0.0,0.0,0,0.0,0.0,0,0.0,0.0,0.6,0.0,0.0,0.3,0.0,0.0,0,0.0,0.0,0,0.0,0.0,0,0.0,0.0,-0.3,0.0,0.0,0,0.0,0.0,-0.6,0.0,0.0,0,0.0,0.0,0,0.0,0.0,0,4,0.45,1,1,1,1,0,0,0.15,0.0,0.15,0.15,0.0,0.15,0.15,0.0,0.15,0.15,0.0,0.15,0,0.0,0,0,0.0,0,B,0.045,0.0,-0.0648,0.045,0.0,-0.0648,0.045,0.0,-0.0648,0.045,0.0,-0.0648,0,0.0,0,0,0.0,0,,,,,,,,,,,,,,,
27,4,0.0,0.0,0.0,0.3,0.295,0.0648,Z,R,0,Y,,,,,T,R,,T,R,,T,R,,T,R,b,,,,b,h5z,0.0,0.0,0,0.0,0.0,0,0.0,0.0,0,0.0,0.0,0.6,0.0,0.0,0,0.0,0.0,0.3,0.0,0.0,0,0.0,0.0,0,0.0,0.0,0,0.0,0.0,-0.3,0.0,0.0,-0.6,0.0,0.0,0,0.0,0.0,0,4,0.45,1,1,1,1,0,0,0.15,0.0,-0.15,0.15,0.0,-0.15,0.15,0.0,-0.15,0.15,0.0,-0.15,0,0.0,0,0,0.0,0,T,0.045,0.0,0.0648,0.045,0.0,0.0648,0.045,0.0,0.0648,0.045,0.0,0.0648,0,0.0,0,0,0.0,0,,,,,,,,,,,,,,,
28,4,0.0,0.0,0.0,0.3,0.295,0.0648,Z,L,0,Y,,,,t,B,L,,B,L,,B,L,,B,L,,,,,t,h4z,0.0,0.0,0,0.0,0.0,0,0.0,0.0,0.6,0.0,0.0,0.3,0.0,0.0,0,0.0,0.0,0,0.0,0.0,0,0.0,0.0,-0.3,0.0,0.0,0,0.0,0.0,-0.6,0.0,0.0,0,0.0,0.0,0,0.0,0.0,0,4,0.45,1,1,1,1,0,0,0.15,0.0,0.15,0.15,0.0,0.15,0.15,0.0,0.15,0.15,0.0,0.15,0,0.0,0,0,0.0,0,B,0.045,0.0,-0.0648,0.045,0.0,-0.0648,0.045,0.0,-0.0648,0.045,0.0,-0.0648,0,0.0,0,0,0.0,0,,,,,,,,,,,,,,,
29,4,0.0,0.0,0.0,0.3,0.295,0.0648,Z,A,1,Y,,,,,T,L,bt,B,R,,B,R,,B,R,,,,,bt1,h2z,0.0,0.0,0,0.0,0.0,0,0.0,0.0,0,0.0,0.0,0.6,0.0,0.0,0.3,0.0,0.0,0,0.0,0.0,0,0.0,0.0,-0.3,0.0,0.0,0,0.0,0.0,-0.6,0.0,0.0,0,0.0,0.0,0,0.0,0.0,0,4,0.45,1,1,1,1,0,0,0.15,0.0,0.15,0.15,0.0,0.15,0.15,0.0,-0.15,0.15,0.0,0.15,0,0.0,0,0,0.0,0,A,0.045,0.0,-0.0648,0.045,0.0,-0.0648,0.045,0.0,0.0648,0.045,0.0,-0.0648,0,0.0,0,0,0.0,0,,,,,,,,,,,,,,,
30,4,0.0,0.0,0.0,0.3,0.295,0.0648,Z,V,1,Y,,,,,T,R,bt,B,L,,B,L,,B,L,,,,,bt1,h2z,0.0,0.0,0,0.0,0.0,0,0.0,0.0,0,0.0,0.0,0.6,0.0,0.0,0.3,0.0,0.0,0,0.0,0.0,0,0.0,0.0,-0.3,0.0,0.0,0,0.0,0.0,-0.6,0.0,0.0,0,0.0,0.0,0,0.0,0.0,0,4,0.45,1,1,1,1,0,0,0.15,0.0,0.15,0.15,0.0,0.15,0.15,0.0,-0.15,0.15,0.0,0.15,0,0.0,0,0,0.0,0,V,0.045,0.0,-0.0648,0.045,0.0,-0.0648,0.045,0.0,0.0648,0.045,0.0,-0.0648,0,0.0,0,0,0.0,0,,,,,,,,,,,,,,,
31,4,0.0,0.0,0.0,0.3,0.295,0.0648,Z,E,1,Y,,,,,T,R,bt,B,R,,B,R,,B,R,,,,,bt1,h2z,0.0,0.0,0,0.0,0.0,0,0.0,0.0,0,0.0,0.0,0.6,0.0,0.0,0.3,0.0,0.0,0,0.0,0.0,0,0.0,0.0,-0.3,0.0,0.0,0,0.0,0.0,-0.6,0.0,0.0,0,0.0,0.0,0,0.0,0.0,0,4,0.45,1,1,1,1,0,0,0.15,0.0,0.15,0.15,0.0,0.15,0.15,0.0,-0.15,0.15,0.0,0.15,0,0.0,0,0,0.0,0,E,0.045,0.0,-0.0648,0.045,0.0,-0.0648,0.045,0.0,0.0648,0.045,0.0,-0.0648,0,0.0,0,0,0.0,0,,,,,,,,,,,,,,,
32,4,0.0,0.0,0.0,0.3,0.295,0.0648,Z,W,1,Y,,,,,T,L,bt,B,L,,B,L,,B,L,,,,,bt1,h2z,0.0,0.0,0,0.0,0.0,0,0.0,0.0,0,0.0,0.0,0.6,0.0,0.0,0.3,0.0,0.0,0,0.0,0.0,0,0.0,0.0,-0.3,0.0,0.0,0,0.0,0.0,-0.6,0.0,0.0,0,0.0,0.0,0,0.0,0.0,0,4,0.45,1,1,1,1,0,0,0.15,0.0,0.15,0.15,0.0,0.15,0.15,0.0,-0.15,0.15,0.0,0.15,0,0.0,0,0,0.0,0,W,0.045,0.0,-0.0648,0.045,0.0,-0.0648,0.045,0.0,0.0648,0.045,0.0,-0.0648,0,0.0,0,0,0.0,0,,,,,,,,,,,,,,,
33,4,0.0,0.0,0.0,0.3,0.295,0.0648,Z,A,2,Y,,,,,T,L,,T,L,bt,B,R,,B,R,,,,,bt2,h1z,0.0,0.0,0,0.0,0.0,0,0.0,0.0,0,0.0,0.0,0.6,0.0,0.0,0,0.0,0.0,0.3,0.0,0.0,0,0.0,0.0,-0.3,0.0,0.0,0,0.0,0.0,-0.6,0.0,0.0,0,0.0,0.0,0,0.0,0.0,0,4,0.45,1,1,1,1,0,0,0.15,0.0,-0.15,0.15,0.0,0.15,0.15,0.0,-0.15,0.15,0.0,0.15,0,0.0,0,0,0.0,0,A,0.045,0.0,0.0648,0.045,0.0,-0.0648,0.045,0.0,0.0648,0.045,0.0,-0.0648,0,0.0,0,0,0.0,0,,,,,,,,,,,,,,,
34,4,0.0,0.0,0.0,0.3,0.295,0.0648,Z,V,2,Y,,,,,T,R,,T,R,bt,B,L,,B,L,,,,,bt2,h1z,0.0,0.0,0,0.0,0.0,0,0.0,0.0,0,0.0,0.0,0.6,0.0,0.0,0,0.0,0.0,0.3,0.0,0.0,0,0.0,0.0,-0.3,0.0,0.0,0,0.0,0.0,-0.6,0.0,0.0,0,0.0,0.0,0,0.0,0.0,0,4,0.45,1,1,1,1,0,0,0.15,0.0,-0.15,0.15,0.0,0.15,0.15,0.0,-0.15,0.15,0.0,0.15,0,0.0,0,0,0.0,0,V,0.045,0.0,0.0648,0.045,0.0,-0.0648,0.045,0.0,0.0648,0.045,0.0,-0.0648,0,0.0,0,0,0.0,0,,,,,,,,,,,,,,,
35,4,0.0,0.0,0.0,0.3,0.295,0.0648,Z,E,2,Y,,,,,T,R,,T,R,bt,B,R,,B,R,,,,,bt2,h1z,0.0,0.0,0,0.0,0.0,0,0.0,0.0,0,0.0,0.0,0.6,0.0,0.0,0,0.0,0.0,0.3,0.0,0.0,0,0.0,0.0,-0.3,0.0,0.0,0,0.0,0.0,-0.6,0.0,0.0,0,0.0,0.0,0,0.0,0.0,0,4,0.45,1,1,1,1,0,0,0.15,0.0,-0.15,0.15,0.0,0.15,0.15,0.0,-0.15,0.15,0.0,0.15,0,0.0,0,0,0.0,0,E,0.045,0.0,0.0648,0.045,0.0,-0.0648,0.045,0.0,0.0648,0.045,0.0,-0.0648,0,0.0,0,0,0.0,0,,,,,,,,,,,,,,,
36,4,0.0,0.0,0.0,0.3,0.295,0.0648,Z,W,2,Y,,,,,T,L,,T,L,bt,B,L,,B,L,,,,,bt2,h1z,0.0,0.0,0,0.0,0.0,0,0.0,0.0,0,0.0,0.0,0.6,0.0,0.0,0,0.0,0.0,0.3,0.0,0.0,0,0.0,0.0,-0.3,0.0,0.0,0,0.0,0.0,-0.6,0.0,0.0,0,0.0,0.0,0,0.0,0.0,0,4,0.45,1,1,1,1,0,0,0.15,0.0,-0.15,0.15,0.0,0.15,0.15,0.0,-0.15,0.15,0.0,0.15,0,0.0,0,0,0.0,0,W,0.045,0.0,0.0648,0.045,0.0,-0.0648,0.045,0.0,0.0648,0.045,0.0,-0.0648,0,0.0,0,0,0.0,0,,,,,,,,,,,,,,,/
37,4,0.0,0.0,0.0,0.3,0.295,0.0648,Z,A,3,Y,,,,,T,L,,T,L,,T,L,bt,B,R,,,,,bt3,h3z,0.0,0.0,0,0.0,0.0,0,0.0,0.0,0,0.0,0.0,0.6,0.0,0.0,0,0.0,0.0,0.3,0.0,0.0,0,0.0,0.0,0,0.0,0.0,-0.3,0.0,0.0,-0.6,0.0,0.0,0,0.0,0.0,0,0.0,0.0,0,4,0.45,1,1,1,1,0,0,0.15,0.0,-0.15,0.15,0.0,-0.15,0.15,0.0,-0.15,0.15,0.0,0.15,0,0.0,0,0,0.0,0,A,0.045,0.0,0.0648,0.045,0.0,0.0648,0.045,0.0,0.0648,0.045,0.0,-0.0648,0,0.0,0,0,0.0,0,,,,,,,,,,,,,,,
38,4,0.0,0.0,0.0,0.3,0.295,0.0648,Z,V,3,Y,,,,,T,R,,T,R,,T,R,bt,B,L,,,,,bt3,h3z,0.0,0.0,0,0.0,0.0,0,0.0,0.0,0,0.0,0.0,0.6,0.0,0.0,0,0.0,0.0,0.3,0.0,0.0,0,0.0,0.0,0,0.0,0.0,-0.3,0.0,0.0,-0.6,0.0,0.0,0,0.0,0.0,0,0.0,0.0,0,4,0.45,1,1,1,1,0,0,0.15,0.0,-0.15,0.15,0.0,-0.15,0.15,0.0,-0.15,0.15,0.0,0.15,0,0.0,0,0,0.0,0,V,0.045,0.0,0.0648,0.045,0.0,0.0648,0.045,0.0,0.0648,0.045,0.0,-0.0648,0,0.0,0,0,0.0,0,,,,,,,,,,,,,,,
39,4,0.0,0.0,0.0,0.3,0.295,0.0648,Z,E,3,Y,,,,,T,R,,T,R,,T,R,bt,B,R,,,,,bt3,h3z,0.0,0.0,0,0.0,0.0,0,0.0,0.0,0,0.0,0.0,0.6,0.0,0.0,0,0.0,0.0,0.3,0.0,0.0,0,0.0,0.0,0,0.0,0.0,-0.3,0.0,0.0,-0.6,0.0,0.0,0,0.0,0.0,0,0.0,0.0,0,4,0.45,1,1,1,1,0,0,0.15,0.0,-0.15,0.15,0.0,-0.15,0.15,0.0,-0.15,0.15,0.0,0.15,0,0.0,0,0,0.0,0,E,0.045,0.0,0.0648,0.045,0.0,0.0648,0.045,0.0,0.0648,0.045,0.0,-0.0648,0,0.0,0,0,0.0,0,,,,,,,,,,,,,,,
40,4,0.0,0.0,0.0,0.3,0.295,0.0648,Z,W,3,Y,,,,,T,L,,T,L,,T,L,bt,B,L,,,,,bt3,h3z,0.0,0.0,0,0.0,0.0,0,0.0,0.0,0,0.0,0.0,0.6,0.0,0.0,0,0.0,0.0,0.3,0.0,0.0,0,0.0,0.0,0,0.0,0.0,-0.3,0.0,0.0,-0.6,0.0,0.0,0,0.0,0.0,0,0.0,0.0,0,4,0.45,1,1,1,1,0,0,0.15,0.0,-0.15,0.15,0.0,-0.15,0.15,0.0,-0.15,0.15,0.0,0.15,0,0.0,0,0,0.0,0,W,0.045,0.0,0.0648,0.045,0.0,0.0648,0.045,0.0,0.0648,0.045,0.0,-0.0648,0,0.0,0,0,0.0,0,,,,,,,,,,,,,,,
41,5,0.0,0.0,0.0,0.3,0.295,0.0648,Z,L,0,Y,,T,L,,T,L,,T,L,,T,L,,T,L,b,,,,b,h5z,0.0,0.0,0,0.0,0.0,0.75,0.0,0.0,0,0.0,0.0,0.45,0.0,0.0,0,0.0,0.0,0.15,0.0,0.0,0,0.0,0.0,-0.15,0.0,0.0,0,0.0,0.0,-0.45,0.0,0.0,-0.75,0.0,0.0,0,0.0,0.0,0,5,0.45,1,1,1,1,1,0,0.15,0.0,-0.15,0.15,0.0,-0.15,0.15,0.0,-0.15,0.15,0.0,-0.15,0.15,0.0,-0.15,0,0.0,0,L,0.045,0.0,0.0648,0.045,0.0,0.0648,0.045,0.0,0.0648,0.045,0.0,0.0648,0.045,0.0,0.0648,0,0.0,0,,,,,,,,,,,,,,,
42,5,0.0,0.0,0.0,0.3,0.295,0.0648,Z,R,0,Y,t,B,R,,B,R,,B,R,,B,R,,B,R,,,,,t,h6z,0.0,0.0,0.75,0.0,0.0,0.45,0.0,0.0,0,0.0,0.0,0.15,0.0,0.0,0,0.0,0.0,-0.15,0.0,0.0,0,0.0,0.0,-0.45,0.0,0.0,0,0.0,0.0,-0.75,0.0,0.0,0,0.0,0.0,0,0.0,0.0,0,5,0.45,1,1,1,1,1,0,0.15,0.0,0.15,0.15,0.0,0.15,0.15,0.0,0.15,0.15,0.0,0.15,0.15,0.0,0.15,0,0.0,0,R,0.045,0.0,-0.0648,0.045,0.0,-0.0648,0.045,0.0,-0.0648,0.045,0.0,-0.0648,0.045,0.0,-0.0648,0,0.0,0,,,,,,,,,,,,,,,
43,5,0.0,0.0,0.0,0.3,0.295,0.0648,Z,R,0,Y,,T,R,,T,R,,T,R,,T,R,,T,R,b,,,,b,h5z,0.0,0.0,0,0.0,0.0,0.75,0.0,0.0,0,0.0,0.0,0.45,0.0,0.0,0,0.0,0.0,0.15,0.0,0.0,0,0.0,0.0,-0.15,0.0,0.0,0,0.0,0.0,-0.45,0.0,0.0,-0.75,0.0,0.0,0,0.0,0.0,0,5,0.45,1,1,1,1,1,0,0.15,0.0,-0.15,0.15,0.0,-0.15,0.15,0.0,-0.15,0.15,0.0,-0.15,0.15,0.0,-0.15,0,0.0,0,R,0.045,0.0,0.0648,0.045,0.0,0.0648,0.045,0.0,0.0648,0.045,0.0,0.0648,0.045,0.0,0.0648,0,0.0,0,,,,,,,,,,,,,,,
44,5,0.0,0.0,0.0,0.3,0.295,0.0648,Z,L,0,Y,t,B,L,,B,L,,B,L,,B,L,,B,L,,,,,t,h6z,0.0,0.0,0.75,0.0,0.0,0.45,0.0,0.0,0,0.0,0.0,0.15,0.0,0.0,0,0.0,0.0,-0.15,0.0,0.0,0,0.0,0.0,-0.45,0.0,0.0,0,0.0,0.0,-0.75,0.0,0.0,0,0.0,0.0,0,0.0,0.0,0,5,0.45,1,1,1,1,1,0,0.15,0.0,0.15,0.15,0.0,0.15,0.15,0.0,0.15,0.15,0.0,0.15,0.15,0.0,0.15,0,0.0,0,L,0.045,0.0,-0.0648,0.045,0.0,-0.0648,0.045,0.0,-0.0648,0.045,0.0,-0.0648,0.045,0.0,-0.0648,0,0.0,0,,,,,,,,,,,,,,,
45,5,0.0,0.0,0.0,0.3,0.295,0.0648,Z,A,1,Y,,T,L,bt,B,R,,B,R,,B,R,,B,R,,,,,bt1,h4z,0.0,0.0,0,0.0,0.0,0.75,0.0,0.0,0.45,0.0,0.0,0.15,0.0,0.0,0,0.0,0.0,-0.15,0.0,0.0,0,0.0,0.0,-0.45,0.0,0.0,0,0.0,0.0,-0.75,0.0,0.0,0,0.0,0.0,0,0.0,0.0,0,5,0.45,0,2,1,1,1,0,0.15,0.0,0.15,0.15,0.0,0.15,0.15,0.0,0.15,0.15,0.0,0.15,0.15,0.0,-0.15,0,0.0,0,A,0.045,0.0,-0.0648,0.045,0.0,-0.0648,0.045,0.0,-0.0648,0.045,0.0,-0.0648,0.045,0.0,0.0648,0,0.0,0,,,,,,,,,,,,,,,
46,5,0.0,0.0,0.0,0.3,0.295,0.0648,Z,V,1,Y,,T,R,bt,B,L,,B,L,,B,L,,B,L,,,,,bt1,h4z,0.0,0.0,0,0.0,0.0,0.75,0.0,0.0,0.45,0.0,0.0,0.15,0.0,0.0,0,0.0,0.0,-0.15,0.0,0.0,0,0.0,0.0,-0.45,0.0,0.0,0,0.0,0.0,-0.75,0.0,0.0,0,0.0,0.0,0,0.0,0.0,0,5,0.45,0,2,1,1,1,0,0.15,0.0,0.15,0.15,0.0,0.15,0.15,0.0,0.15,0.15,0.0,0.15,0.15,0.0,-0.15,0,0.0,0,V,0.045,0.0,-0.0648,0.045,0.0,-0.0648,0.045,0.0,-0.0648,0.045,0.0,-0.0648,0.045,0.0,0.0648,0,0.0,0,,,,,,,,,,,,,,,
47,5,0.0,0.0,0.0,0.3,0.295,0.0648,Z,E,1,Y,,T,R,bt,B,R,,B,R,,B,R,,B,R,,,,,bt1,h4z,0.0,0.0,0,0.0,0.0,0.75,0.0,0.0,0.45,0.0,0.0,0.15,0.0,0.0,0,0.0,0.0,-0.15,0.0,0.0,0,0.0,0.0,-0.45,0.0,0.0,0,0.0,0.0,-0.75,0.0,0.0,0,0.0,0.0,0,0.0,0.0,0,5,0.45,0,2,1,1,1,0,0.15,0.0,0.15,0.15,0.0,0.15,0.15,0.0,0.15,0.15,0.0,0.15,0.15,0.0,-0.15,0,0.0,0,E,0.045,0.0,-0.0648,0.045,0.0,-0.0648,0.045,0.0,-0.0648,0.045,0.0,-0.0648,0.045,0.0,0.0648,0,0.0,0,,,,,,,,,,,,,,,
48,5,0.0,0.0,0.0,0.3,0.295,0.0648,Z,W,1,Y,,T,L,bt,B,L,,B,L,,B,L,,B,L,,,,,bt1,h4z,0.0,0.0,0,0.0,0.0,0.75,0.0,0.0,0.45,0.0,0.0,0.15,0.0,0.0,0,0.0,0.0,-0.15,0.0,0.0,0,0.0,0.0,-0.45,0.0,0.0,0,0.0,0.0,-0.75,0.0,0.0,0,0.0,0.0,0,0.0,0.0,0,5,0.45,0,2,1,1,1,0,0.15,0.0,0.15,0.15,0.0,0.15,0.15,0.0,0.15,0.15,0.0,0.15,0.15,0.0,-0.15,0,0.0,0,W,0.045,0.0,-0.0648,0.045,0.0,-0.0648,0.045,0.0,-0.0648,0.045,0.0,-0.0648,0.045,0.0,0.0648,0,0.0,0,,,,,,,,,,,,,,,
49,5,0.0,0.0,0.0,0.3,0.295,0.0648,Z,A,2,Y,,T,L,,T,L,bt,B,R,,B,R,,B,R,,,,,bt2,h2z,0.0,0.0,0,0.0,0.0,0.75,0.0,0.0,0,0.0,0.0,0.45,0.0,0.0,0.15,0.0,0.0,-0.15,0.0,0.0,0,0.0,0.0,-0.45,0.0,0.0,0,0.0,0.0,-0.75,0.0,0.0,0,0.0,0.0,0,0.0,0.0,0,5,0.45,0,2,1,1,1,0,0.15,0.0,0.15,0.15,0.0,0.15,0.15,0.0,-0.15,0.15,0.0,0.15,0.15,0.0,-0.15,0,0.0,0,A,0.045,0.0,-0.0648,0.045,0.0,-0.0648,0.045,0.0,0.0648,0.045,0.0,-0.0648,0.045,0.0,0.0648,0,0.0,0,,,,,,,,,,,,,,,
50,5,0.0,0.0,0.0,0.3,0.295,0.0648,Z,V,2,Y,,T,R,,T,R,bt,B,L,,B,L,,B,L,,,,,bt2,h2z,0.0,0.0,0,0.0,0.0,0.75,0.0,0.0,0,0.0,0.0,0.45,0.0,0.0,0.15,0.0,0.0,-0.15,0.0,0.0,0,0.0,0.0,-0.45,0.0,0.0,0,0.0,0.0,-0.75,0.0,0.0,0,0.0,0.0,0,0.0,0.0,0,5,0.45,0,2,1,1,1,0,0.15,0.0,0.15,0.15,0.0,0.15,0.15,0.0,-0.15,0.15,0.0,0.15,0.15,0.0,-0.15,0,0.0,0,V,0.045,0.0,-0.0648,0.045,0.0,-0.0648,0.045,0.0,0.0648,0.045,0.0,-0.0648,0.045,0.0,0.0648,0,0.0,0,,,,,,,,,,,,,,,
51,5,0.0,0.0,0.0,0.3,0.295,0.0648,Z,E,2,Y,,T,R,,T,R,bt,B,R,,B,R,,B,R,,,,,bt2,h2z,0.0,0.0,0,0.0,0.0,0.75,0.0,0.0,0,0.0,0.0,0.45,0.0,0.0,0.15,0.0,0.0,-0.15,0.0,0.0,0,0.0,0.0,-0.45,0.0,0.0,0,0.0,0.0,-0.75,0.0,0.0,0,0.0,0.0,0,0.0,0.0,0,5,0.45,0,2,1,1,1,0,0.15,0.0,0.15,0.15,0.0,0.15,0.15,0.0,-0.15,0.15,0.0,0.15,0.15,0.0,-0.15,0,0.0,0,E,0.045,0.0,-0.0648,0.045,0.0,-0.0648,0.045,0.0,0.0648,0.045,0.0,-0.0648,0.045,0.0,0.0648,0,0.0,0,,,,,,,,,,,,,,,
52,5,0.0,0.0,0.0,0.3,0.295,0.0648,Z,W,2,Y,,T,L,,T,L,bt,B,L,,B,L,,B,L,,,,,bt2,h2z,0.0,0.0,0,0.0,0.0,0.75,0.0,0.0,0,0.0,0.0,0.45,0.0,0.0,0.15,0.0,0.0,-0.15,0.0,0.0,0,0.0,0.0,-0.45,0.0,0.0,0,0.0,0.0,-0.75,0.0,0.0,0,0.0,0.0,0,0.0,0.0,0,5,0.45,0,2,1,1,1,0,0.15,0.0,0.15,0.15,0.0,0.15,0.15,0.0,-0.15,0.15,0.0,0.15,0.15,0.0,-0.15,0,0.0,0,W,0.045,0.0,-0.0648,0.045,0.0,-0.0648,0.045,0.0,0.0648,0.045,0.0,-0.0648,0.045,0.0,0.0648,0,0.0,0,,,,,,,,,,,,,,,
53,5,0.0,0.0,0.0,0.3,0.295,0.0648,Z,A,3,Y,,T,L,,T,L,,T,L,bt,B,R,,B,R,,,,,bt3,h1z,0.0,0.0,0,0.0,0.0,0.75,0.0,0.0,0,0.0,0.0,0.45,0.0,0.0,0,0.0,0.0,0.15,0.0,0.0,-0.15,0.0,0.0,-0.45,0.0,0.0,0,0.0,0.0,-0.75,0.0,0.0,0,0.0,0.0,0,0.0,0.0,0,5,0.45,0,2,1,1,1,0,0.15,0.0,-0.15,0.15,0.0,0.15,0.15,0.0,-0.15,0.15,0.0,0.15,0.15,0.0,-0.15,0,0.0,0,A,0.045,0.0,0.0648,0.045,0.0,-0.0648,0.045,0.0,0.0648,0.045,0.0,-0.0648,0.045,0.0,0.0648,0,0.0,0,,,,,,,,,,,,,,,
54,5,0.0,0.0,0.0,0.3,0.295,0.0648,Z,V,3,Y,,T,R,,T,R,,T,R,bt,B,L,,B,L,,,,,bt3,h1z,0.0,0.0,0,0.0,0.0,0.75,0.0,0.0,0,0.0,0.0,0.45,0.0,0.0,0,0.0,0.0,0.15,0.0,0.0,-0.15,0.0,0.0,-0.45,0.0,0.0,0,0.0,0.0,-0.75,0.0,0.0,0,0.0,0.0,0,0.0,0.0,0,5,0.45,0,2,1,1,1,0,0.15,0.0,-0.15,0.15,0.0,0.15,0.15,0.0,-0.15,0.15,0.0,0.15,0.15,0.0,-0.15,0,0.0,0,V,0.045,0.0,0.0648,0.045,0.0,-0.0648,0.045,0.0,0.0648,0.045,0.0,-0.0648,0.045,0.0,0.0648,0,0.0,0,,,,,,,,,,,,,,,
55,5,0.0,0.0,0.0,0.3,0.295,0.0648,Z,E,3,Y,,T,R,,T,R,,T,R,bt,B,R,,B,R,,,,,bt3,h1z,0.0,0.0,0,0.0,0.0,0.75,0.0,0.0,0,0.0,0.0,0.45,0.0,0.0,0,0.0,0.0,0.15,0.0,0.0,-0.15,0.0,0.0,-0.45,0.0,0.0,0,0.0,0.0,-0.75,0.0,0.0,0,0.0,0.0,0,0.0,0.0,0,5,0.45,0,2,1,1,1,0,0.15,0.0,-0.15,0.15,0.0,0.15,0.15,0.0,-0.15,0.15,0.0,0.15,0.15,0.0,-0.15,0,0.0,0,E,0.045,0.0,0.0648,0.045,0.0,-0.0648,0.045,0.0,0.0648,0.045,0.0,-0.0648,0.045,0.0,0.0648,0,0.0,0,,,,,,,,,,,,,,,
56,5,0.0,0.0,0.0,0.3,0.295,0.0648,Z,W,3,Y,,T,L,,T,L,,T,L,bt,B,L,,B,L,,,,,bt3,h1z,0.0,0.0,0,0.0,0.0,0.75,0.0,0.0,0,0.0,0.0,0.45,0.0,0.0,0,0.0,0.0,0.15,0.0,0.0,-0.15,0.0,0.0,-0.45,0.0,0.0,0,0.0,0.0,-0.75,0.0,0.0,0,0.0,0.0,0,0.0,0.0,0,5,0.45,0,2,1,1,1,0,0.15,0.0,-0.15,0.15,0.0,0.15,0.15,0.0,-0.15,0.15,0.0,0.15,0.15,0.0,-0.15,0,0.0,0,W,0.045,0.0,0.0648,0.045,0.0,-0.0648,0.045,0.0,0.0648,0.045,0.0,-0.0648,0.045,0.0,0.0648,0,0.0,0,,,,,,,,,,,,,,,
57,5,0.0,0.0,0.0,0.3,0.295,0.0648,Z,A,4,Y,,T,L,,T,L,,T,L,,T,L,bt,B,R,,,,,bt4,h3z,0.0,0.0,0,0.0,0.0,0.75,0.0,0.0,0,0.0,0.0,0.45,0.0,0.0,0,0.0,0.0,0.15,0.0,0.0,0,0.0,0.0,-0.15,0.0,0.0,-0.45,0.0,0.0,-0.75,0.0,0.0,0,0.0,0.0,0,0.0,0.0,0,5,0.45,0,2,1,1,1,0,0.15,0.0,-0.15,0.15,0.0,-0.15,0.15,0.0,-0.15,0.15,0.0,0.15,0.15,0.0,-0.15,0,0.0,0,A,0.045,0.0,0.0648,0.045,0.0,0.0648,0.045,0.0,0.0648,0.045,0.0,-0.0648,0.045,0.0,0.0648,0,0.0,0,,,,,,,,,,,,,,,
58,5,0.0,0.0,0.0,0.3,0.295,0.0648,Z,V,4,Y,,T,R,,T,R,,T,R,,T,R,bt,B,L,,,,,bt4,h3z,0.0,0.0,0,0.0,0.0,0.75,0.0,0.0,0,0.0,0.0,0.45,0.0,0.0,0,0.0,0.0,0.15,0.0,0.0,0,0.0,0.0,-0.15,0.0,0.0,-0.45,0.0,0.0,-0.75,0.0,0.0,0,0.0,0.0,0,0.0,0.0,0,5,0.45,0,2,1,1,1,0,0.15,0.0,-0.15,0.15,0.0,-0.15,0.15,0.0,-0.15,0.15,0.0,0.15,0.15,0.0,-0.15,0,0.0,0,V,0.045,0.0,0.0648,0.045,0.0,0.0648,0.045,0.0,0.0648,0.045,0.0,-0.0648,0.045,0.0,0.0648,0,0.0,0,,,,,,,,,,,,,,,
59,5,0.0,0.0,0.0,0.3,0.295,0.0648,Z,E,4,Y,,T,R,,T,R,,T,R,,T,R,bt,B,R,,,,,bt4,h3z,0.0,0.0,0,0.0,0.0,0.75,0.0,0.0,0,0.0,0.0,0.45,0.0,0.0,0,0.0,0.0,0.15,0.0,0.0,0,0.0,0.0,-0.15,0.0,0.0,-0.45,0.0,0.0,-0.75,0.0,0.0,0,0.0,0.0,0,0.0,0.0,0,5,0.45,0,2,1,1,1,0,0.15,0.0,-0.15,0.15,0.0,-0.15,0.15,0.0,-0.15,0.15,0.0,0.15,0.15,0.0,-0.15,0,0.0,0,E,0.045,0.0,0.0648,0.045,0.0,0.0648,0.045,0.0,0.0648,0.045,0.0,-0.0648,0.045,0.0,0.0648,0,0.0,0,,,,,,,,,,,,,,,
60,5,0.0,0.0,0.0,0.3,0.295,0.0648,Z,W,4,Y,,T,L,,T,L,,T,L,,T,L,bt,B,L,,,,,bt4,h3z,0.0,0.0,0,0.0,0.0,0.75,0.0,0.0,0,0.0,0.0,0.45,0.0,0.0,0,0.0,0.0,0.15,0.0,0.0,0,0.0,0.0,-0.15,0.0,0.0,-0.45,0.0,0.0,-0.75,0.0,0.0,0,0.0,0.0,0,0.0,0.0,0,5,0.45,0,2,1,1,1,0,0.15,0.0,-0.15,0.15,0.0,-0.15,0.15,0.0,-0.15,0.15,0.0,0.15,0.15,0.0,-0.15,0,0.0,0,W,0.045,0.0,0.0648,0.045,0.0,0.0648,0.045,0.0,0.0648,0.045,0.0,-0.0648,0.045,0.0,0.0648,0,0.0,0,,,,,,,,,,,,,,,
61,6,0.0,0.0,0.0,0.3,0.295,0.0648,Z,L,0,Y,,T,L,,T,L,,T,L,,T,L,,T,L,,T,L,b,b,h7z,0.0,0.0,0,0.0,0.0,0.9,0.0,0.0,0,0.0,0.0,0.6,0.0,0.0,0,0.0,0.0,0.3,0.0,0.0,0,0.0,0.0,0,0.0,0.0,0,0.0,0.0,-0.3,0.0,0.0,0,0.0,0.0,-0.6,0.0,0.0,-0.9,6,0.45,0,2,1,1,1,1,0.15,0.0,-0.15,0.15,0.0,-0.15,0.15,0.0,-0.15,0.15,0.0,-0.15,0.15,0.0,-0.15,0.15,0.0,-0.15,L,0.045,0.0,0.0648,0.045,0.0,0.0648,0.045,0.0,0.0648,0.045,0.0,0.0648,0.045,0.0,0.0648,0.045,0.0,0.0648,,,,,,,,,,,,,,,
62,6,0.0,0.0,0.0,0.3,0.295,0.0648,Z,R,0,Y,t,B,R,,B,R,,B,R,,B,R,,B,R,,B,R,,t,h6z,0.0,0.0,0.9,0.0,0.0,0.6,0.0,0.0,0,0.0,0.0,0.3,0.0,0.0,0,0.0,0.0,0,0.0,0.0,0,0.0,0.0,-0.3,0.0,0.0,0,0.0,0.0,-0.6,0.0,0.0,0,0.0,0.0,-0.9,0.0,0.0,0,6,0.45,0,2,1,1,1,1,0.15,0.0,0.15,0.15,0.0,0.15,0.15,0.0,0.15,0.15,0.0,0.15,0.15,0.0,0.15,0.15,0.0,0.15,R,0.045,0.0,-0.0648,0.045,0.0,-0.0648,0.045,0.0,-0.0648,0.045,0.0,-0.0648,0.045,0.0,-0.0648,0.045,0.0,-0.0648,,,,,,,,,,,,,,,
63,6,0.0,0.0,0.0,0.3,0.295,0.0648,Z,R,0,Y,,T,R,,T,R,,T,R,,T,R,,T,R,,T,R,b,b,h7z,0.0,0.0,0,0.0,0.0,0.9,0.0,0.0,0,0.0,0.0,0.6,0.0,0.0,0,0.0,0.0,0.3,0.0,0.0,0,0.0,0.0,0,0.0,0.0,0,0.0,0.0,-0.3,0.0,0.0,0,0.0,0.0,-0.6,0.0,0.0,-0.9,6,0.45,0,2,1,1,1,1,0.15,0.0,-0.15,0.15,0.0,-0.15,0.15,0.0,-0.15,0.15,0.0,-0.15,0.15,0.0,-0.15,0.15,0.0,-0.15,R,0.045,0.0,0.0648,0.045,0.0,0.0648,0.045,0.0,0.0648,0.045,0.0,0.0648,0.045,0.0,0.0648,0.045,0.0,0.0648,,,,,,,,,,,,,,,
64,6,0.0,0.0,0.0,0.3,0.295,0.0648,Z,L,0,Y,t,B,L,,B,L,,B,L,,B,L,,B,L,,B,L,,t,h6z,0.0,0.0,0.9,0.0,0.0,0.6,0.0,0.0,0,0.0,0.0,0.3,0.0,0.0,0,0.0,0.0,0,0.0,0.0,0,0.0,0.0,-0.3,0.0,0.0,0,0.0,0.0,-0.6,0.0,0.0,0,0.0,0.0,-0.9,0.0,0.0,0,6,0.45,0,2,1,1,1,1,0.15,0.0,0.15,0.15,0.0,0.15,0.15,0.0,0.15,0.15,0.0,0.15,0.15,0.0,0.15,0.15,0.0,0.15,L,0.045,0.0,-0.0648,0.045,0.0,-0.0648,0.045,0.0,-0.0648,0.045,0.0,-0.0648,0.045,0.0,-0.0648,0.045,0.0,-0.0648,,,,,,,,,,,,,,,
65,6,0.0,0.0,0.0,0.3,0.295,0.0648,Z,A,1,Y,,T,L,bt,B,R,,B,R,,B,R,,B,R,,B,R,,bt1,h4z,0.0,0.0,0,0.0,0.0,0.9,0.0,0.0,0.6,0.0,0.0,0.3,0.0,0.0,0,0.0,0.0,0,0.0,0.0,0,0.0,0.0,-0.3,0.0,0.0,0,0.0,0.0,-0.6,0.0,0.0,0,0.0,0.0,-0.9,0.0,0.0,0,6,0.45,0,2,1,1,1,1,0.15,0.0,0.15,0.15,0.0,0.15,0.15,0.0,0.15,0.15,0.0,0.15,0.15,0.0,-0.15,0.15,0.0,0.15,A,0.045,0.0,-0.0648,0.045,0.0,-0.0648,0.045,0.0,-0.0648,0.045,0.0,-0.0648,0.045,0.0,0.0648,0.045,0.0,-0.0648,,,,,,,,,,,,,,,
66,6,0.0,0.0,0.0,0.3,0.295,0.0648,Z,V,1,Y,,T,R,bt,B,L,,B,L,,B,L,,B,L,,B,L,,bt1,h4z,0.0,0.0,0,0.0,0.0,0.9,0.0,0.0,0.6,0.0,0.0,0.3,0.0,0.0,0,0.0,0.0,0,0.0,0.0,0,0.0,0.0,-0.3,0.0,0.0,0,0.0,0.0,-0.6,0.0,0.0,0,0.0,0.0,-0.9,0.0,0.0,0,6,0.45,0,2,1,1,1,1,0.15,0.0,0.15,0.15,0.0,0.15,0.15,0.0,0.15,0.15,0.0,0.15,0.15,0.0,-0.15,0.15,0.0,0.15,V,0.045,0.0,-0.0648,0.045,0.0,-0.0648,0.045,0.0,-0.0648,0.045,0.0,-0.0648,0.045,0.0,0.0648,0.045,0.0,-0.0648,,,,,,,,,,,,,,,
67,6,0.0,0.0,0.0,0.3,0.295,0.0648,Z,E,1,Y,,T,R,bt,B,R,,B,R,,B,R,,B,R,,B,R,,bt1,h4z,0.0,0.0,0,0.0,0.0,0.9,0.0,0.0,0.6,0.0,0.0,0.3,0.0,0.0,0,0.0,0.0,0,0.0,0.0,0,0.0,0.0,-0.3,0.0,0.0,0,0.0,0.0,-0.6,0.0,0.0,0,0.0,0.0,-0.9,0.0,0.0,0,6,0.45,0,2,1,1,1,1,0.15,0.0,0.15,0.15,0.0,0.15,0.15,0.0,0.15,0.15,0.0,0.15,0.15,0.0,-0.15,0.15,0.0,0.15,E,0.045,0.0,-0.0648,0.045,0.0,-0.0648,0.045,0.0,-0.0648,0.045,0.0,-0.0648,0.045,0.0,0.0648,0.045,0.0,-0.0648,,,,,,,,,,,,,,,
68,6,0.0,0.0,0.0,0.3,0.295,0.0648,Z,W,1,Y,,T,L,bt,B,L,,B,L,,B,L,,B,L,,B,L,,bt1,h4z,0.0,0.0,0,0.0,0.0,0.9,0.0,0.0,0.6,0.0,0.0,0.3,0.0,0.0,0,0.0,0.0,0,0.0,0.0,0,0.0,0.0,-0.3,0.0,0.0,0,0.0,0.0,-0.6,0.0,0.0,0,0.0,0.0,-0.9,0.0,0.0,0,6,0.45,0,2,1,1,1,1,0.15,0.0,0.15,0.15,0.0,0.15,0.15,0.0,0.15,0.15,0.0,0.15,0.15,0.0,-0.15,0.15,0.0,0.15,W,0.045,0.0,-0.0648,0.045,0.0,-0.0648,0.045,0.0,-0.0648,0.045,0.0,-0.0648,0.045,0.0,0.0648,0.045,0.0,-0.0648,,,,,,,,,,,,,,,
69,6,0.0,0.0,0.0,0.3,0.295,0.0648,Z,A,2,Y,,T,L,,T,L,bt,B,R,,B,R,,B,R,,B,R,,bt2,h2z,0.0,0.0,0,0.0,0.0,0.9,0.0,0.0,0,0.0,0.0,0.6,0.0,0.0,0.3,0.0,0.0,0,0.0,0.0,0,0.0,0.0,-0.3,0.0,0.0,0,0.0,0.0,-0.6,0.0,0.0,0,0.0,0.0,-0.9,0.0,0.0,0,6,0.45,0,2,1,1,1,1,0.15,0.0,0.15,0.15,0.0,0.15,0.15,0.0,-0.15,0.15,0.0,0.15,0.15,0.0,-0.15,0.15,0.0,0.15,A,0.045,0.0,-0.0648,0.045,0.0,-0.0648,0.045,0.0,0.0648,0.045,0.0,-0.0648,0.045,0.0,0.0648,0.045,0.0,-0.0648,,,,,,,,,,,,,,,
70,6,0.0,0.0,0.0,0.3,0.295,0.0648,Z,V,2,Y,,T,R,,T,R,bt,B,L,,B,L,,B,L,,B,L,,bt2,h2z,0.0,0.0,0,0.0,0.0,0.9,0.0,0.0,0,0.0,0.0,0.6,0.0,0.0,0.3,0.0,0.0,0,0.0,0.0,0,0.0,0.0,-0.3,0.0,0.0,0,0.0,0.0,-0.6,0.0,0.0,0,0.0,0.0,-0.9,0.0,0.0,0,6,0.45,0,2,1,1,1,1,0.15,0.0,0.15,0.15,0.0,0.15,0.15,0.0,-0.15,0.15,0.0,0.15,0.15,0.0,-0.15,0.15,0.0,0.15,V,0.045,0.0,-0.0648,0.045,0.0,-0.0648,0.045,0.0,0.0648,0.045,0.0,-0.0648,0.045,0.0,0.0648,0.045,0.0,-0.0648,,,,,,,,,,,,,,,
71,6,0.0,0.0,0.0,0.3,0.295,0.0648,Z,E,2,Y,,T,R,,T,R,bt,B,R,,B,R,,B,R,,B,R,,bt2,h2z,0.0,0.0,0,0.0,0.0,0.9,0.0,0.0,0,0.0,0.0,0.6,0.0,0.0,0.3,0.0,0.0,0,0.0,0.0,0,0.0,0.0,-0.3,0.0,0.0,0,0.0,0.0,-0.6,0.0,0.0,0,0.0,0.0,-0.9,0.0,0.0,0,6,0.45,0,2,1,1,1,1,0.15,0.0,0.15,0.15,0.0,0.15,0.15,0.0,-0.15,0.15,0.0,0.15,0.15,0.0,-0.15,0.15,0.0,0.15,E,0.045,0.0,-0.0648,0.045,0.0,-0.0648,0.045,0.0,0.0648,0.045,0.0,-0.0648,0.045,0.0,0.0648,0.045,0.0,-0.0648,,,,,,,,,,,,,,,
72,6,0.0,0.0,0.0,0.3,0.295,0.0648,Z,W,2,Y,,T,L,,T,L,bt,B,L,,B,L,,B,L,,B,L,,bt2,h2z,0.0,0.0,0,0.0,0.0,0.9,0.0,0.0,0,0.0,0.0,0.6,0.0,0.0,0.3,0.0,0.0,0,0.0,0.0,0,0.0,0.0,-0.3,0.0,0.0,0,0.0,0.0,-0.6,0.0,0.0,0,0.0,0.0,-0.9,0.0,0.0,0,6,0.45,0,2,1,1,1,1,0.15,0.0,0.15,0.15,0.0,0.15,0.15,0.0,-0.15,0.15,0.0,0.15,0.15,0.0,-0.15,0.15,0.0,0.15,W,0.045,0.0,-0.0648,0.045,0.0,-0.0648,0.045,0.0,0.0648,0.045,0.0,-0.0648,0.045,0.0,0.0648,0.045,0.0,-0.0648,,,,,,,,,,,,,,,
73,6,0.0,0.0,0.0,0.3,0.295,0.0648,Z,A,3,Y,,T,L,,T,L,,T,L,bt,B,R,,B,R,,B,R,,bt3,h1z,0.0,0.0,0,0.0,0.0,0.9,0.0,0.0,0,0.0,0.0,0.6,0.0,0.0,0,0.0,0.0,0.3,0.0,0.0,0,0.0,0.0,-0.3,0.0,0.0,0,0.0,0.0,-0.6,0.0,0.0,0,0.0,0.0,-0.9,0.0,0.0,0,6,0.45,0,2,1,1,1,1,0.15,0.0,-0.15,0.15,0.0,0.15,0.15,0.0,-0.15,0.15,0.0,0.15,0.15,0.0,-0.15,0.15,0.0,0.15,A,0.045,0.0,0.0648,0.045,0.0,-0.0648,0.045,0.0,0.0648,0.045,0.0,-0.0648,0.045,0.0,0.0648,0.045,0.0,-0.0648,,,,,,,,,,,,,,,
74,6,0.0,0.0,0.0,0.3,0.295,0.0648,Z,V,3,Y,,T,R,,T,R,,T,R,bt,B,L,,B,L,,B,L,,bt3,h1z,0.0,0.0,0,0.0,0.0,0.9,0.0,0.0,0,0.0,0.0,0.6,0.0,0.0,0,0.0,0.0,0.3,0.0,0.0,0,0.0,0.0,-0.3,0.0,0.0,0,0.0,0.0,-0.6,0.0,0.0,0,0.0,0.0,-0.9,0.0,0.0,0,6,0.45,0,2,1,1,1,1,0.15,0.0,-0.15,0.15,0.0,0.15,0.15,0.0,-0.15,0.15,0.0,0.15,0.15,0.0,-0.15,0.15,0.0,0.15,V,0.045,0.0,0.0648,0.045,0.0,-0.0648,0.045,0.0,0.0648,0.045,0.0,-0.0648,0.045,0.0,0.0648,0.045,0.0,-0.0648,,,,,,,,,,,,,,,
75,6,0.0,0.0,0.0,0.3,0.295,0.0648,Z,E,3,Y,,T,R,,T,R,,T,R,bt,B,R,,B,R,,B,R,,bt3,h1z,0.0,0.0,0,0.0,0.0,0.9,0.0,0.0,0,0.0,0.0,0.6,0.0,0.0,0,0.0,0.0,0.3,0.0,0.0,0,0.0,0.0,-0.3,0.0,0.0,0,0.0,0.0,-0.6,0.0,0.0,0,0.0,0.0,-0.9,0.0,0.0,0,6,0.45,0,2,1,1,1,1,0.15,0.0,-0.15,0.15,0.0,0.15,0.15,0.0,-0.15,0.15,0.0,0.15,0.15,0.0,-0.15,0.15,0.0,0.15,E,0.045,0.0,0.0648,0.045,0.0,-0.0648,0.045,0.0,0.0648,0.045,0.0,-0.0648,0.045,0.0,0.0648,0.045,0.0,-0.0648,,,,,,,,,,,,,,,
76,6,0.0,0.0,0.0,0.3,0.295,0.0648,Z,W,3,Y,,T,L,,T,L,,T,L,bt,B,L,,B,L,,B,L,,bt3,h1z,0.0,0.0,0,0.0,0.0,0.9,0.0,0.0,0,0.0,0.0,0.6,0.0,0.0,0,0.0,0.0,0.3,0.0,0.0,0,0.0,0.0,-0.3,0.0,0.0,0,0.0,0.0,-0.6,0.0,0.0,0,0.0,0.0,-0.9,0.0,0.0,0,6,0.45,0,2,1,1,1,1,0.15,0.0,-0.15,0.15,0.0,0.15,0.15,0.0,-0.15,0.15,0.0,0.15,0.15,0.0,-0.15,0.15,0.0,0.15,W,0.045,0.0,0.0648,0.045,0.0,-0.0648,0.045,0.0,0.0648,0.045,0.0,-0.0648,0.045,0.0,0.0648,0.045,0.0,-0.0648,,,,,,,,,,,,,,,
77,6,0.0,0.0,0.0,0.3,0.295,0.0648,Z,A,4,Y,,T,L,,T,L,,T,L,,T,L,bt,B,R,,B,R,,bt4,h3z,0.0,0.0,0,0.0,0.0,0.9,0.0,0.0,0,0.0,0.0,0.6,0.0,0.0,0,0.0,0.0,0.3,0.0,0.0,0,0.0,0.0,0,0.0,0.0,-0.3,0.0,0.0,-0.6,0.0,0.0,0,0.0,0.0,-0.9,0.0,0.0,0,6,0.45,0,2,1,1,1,1,0.15,0.0,-0.15,0.15,0.0,-0.15,0.15,0.0,-0.15,0.15,0.0,0.15,0.15,0.0,-0.15,0.15,0.0,0.15,A,0.045,0.0,0.0648,0.045,0.0,0.0648,0.045,0.0,0.0648,0.045,0.0,-0.0648,0.045,0.0,0.0648,0.045,0.0,-0.0648,,,,,,,,,,,,,,,
78,6,0.0,0.0,0.0,0.3,0.295,0.0648,Z,V,4,Y,,T,R,,T,R,,T,R,,T,L,bt,B,L,,B,L,,bt4,h3z,0.0,0.0,0,0.0,0.0,0.9,0.0,0.0,0,0.0,0.0,0.6,0.0,0.0,0,0.0,0.0,0.3,0.0,0.0,0,0.0,0.0,0,0.0,0.0,-0.3,0.0,0.0,-0.6,0.0,0.0,0,0.0,0.0,-0.9,0.0,0.0,0,6,0.45,0,2,1,1,1,1,0.15,0.0,-0.15,0.15,0.0,-0.15,0.15,0.0,-0.15,0.15,0.0,0.15,0.15,0.0,-0.15,0.15,0.0,0.15,V,0.045,0.0,0.0648,0.045,0.0,0.0648,0.045,0.0,0.0648,0.045,0.0,-0.0648,0.045,0.0,0.0648,0.045,0.0,-0.0648,,,,,,,,,,,,,,,
79,6,0.0,0.0,0.0,0.3,0.295,0.0648,Z,E,4,Y,,T,R,,T,R,,T,R,,T,L,bt,B,R,,B,R,,bt4,h3z,0.0,0.0,0,0.0,0.0,0.9,0.0,0.0,0,0.0,0.0,0.6,0.0,0.0,0,0.0,0.0,0.3,0.0,0.0,0,0.0,0.0,0,0.0,0.0,-0.3,0.0,0.0,-0.6,0.0,0.0,0,0.0,0.0,-0.9,0.0,0.0,0,6,0.45,0,2,1,1,1,1,0.15,0.0,-0.15,0.15,0.0,-0.15,0.15,0.0,-0.15,0.15,0.0,0.15,0.15,0.0,-0.15,0.15,0.0,0.15,E,0.045,0.0,0.0648,0.045,0.0,0.0648,0.045,0.0,0.0648,0.045,0.0,-0.0648,0.045,0.0,0.0648,0.045,0.0,-0.0648,,,,,,,,,,,,,,,
80,6,0.0,0.0,0.0,0.3,0.295,0.0648,Z,W,4,Y,,T,L,,T,L,,T,L,,T,L,bt,B,L,,B,L,,bt4,h3z,0.0,0.0,0,0.0,0.0,0.9,0.0,0.0,0,0.0,0.0,0.6,0.0,0.0,0,0.0,0.0,0.3,0.0,0.0,0,0.0,0.0,0,0.0,0.0,-0.3,0.0,0.0,-0.6,0.0,0.0,0,0.0,0.0,-0.9,0.0,0.0,0,6,0.45,0,2,1,1,1,1,0.15,0.0,-0.15,0.15,0.0,-0.15,0.15,0.0,-0.15,0.15,0.0,0.15,0.15,0.0,-0.15,0.15,0.0,0.15,W,0.045,0.0,0.0648,0.045,0.0,0.0648,0.045,0.0,0.0648,0.045,0.0,-0.0648,0.045,0.0,0.0648,0.045,0.0,-0.0648,,,,,,,,,,,,,,,
81,6,0.0,0.0,0.0,0.3,0.295,0.0648,Z,A,5,Y,,T,L,,T,L,,T,L,,T,L,,T,L,bt,B,R,,bt5,h5z,0.0,0.0,0,0.0,0.0,0.9,0.0,0.0,0,0.0,0.0,0.6,0.0,0.0,0,0.0,0.0,0.3,0.0,0.0,0,0.0,0.0,0,0.0,0.0,0,0.0,0.0,-0.3,0.0,0.0,-0.6,0.0,0.0,-0.9,0.0,0.0,0,6,0.45,0,2,1,1,1,1,0.15,0.0,-0.15,0.15,0.0,-0.15,0.15,0.0,-0.15,0.15,0.0,-0.15,0.15,0.0,-0.15,0.15,0.0,0.15,A,0.045,0.0,0.0648,0.045,0.0,0.0648,0.045,0.0,0.0648,0.045,0.0,0.0648,0.045,0.0,0.0648,0.045,0.0,-0.0648,,,,,,,,,,,,,,,
82,6,0.0,0.0,0.0,0.3,0.295,0.0648,Z,V,5,Y,,T,R,,T,R,,T,R,,T,R,,T,L,bt,B,L,,bt5,h5z,0.0,0.0,0,0.0,0.0,0.9,0.0,0.0,0,0.0,0.0,0.6,0.0,0.0,0,0.0,0.0,0.3,0.0,0.0,0,0.0,0.0,0,0.0,0.0,0,0.0,0.0,-0.3,0.0,0.0,-0.6,0.0,0.0,-0.9,0.0,0.0,0,6,0.45,0,2,1,1,1,1,0.15,0.0,-0.15,0.15,0.0,-0.15,0.15,0.0,-0.15,0.15,0.0,-0.15,0.15,0.0,-0.15,0.15,0.0,0.15,V,0.045,0.0,0.0648,0.045,0.0,0.0648,0.045,0.0,0.0648,0.045,0.0,0.0648,0.045,0.0,0.0648,0.045,0.0,-0.0648,,,,,,,,,,,,,,,
83,6,0.0,0.0,0.0,0.3,0.295,0.0648,Z,E,5,Y,,T,R,,T,R,,T,R,,T,R,,T,L,bt,B,R,,bt5,h5z,0.0,0.0,0,0.0,0.0,0.9,0.0,0.0,0,0.0,0.0,0.6,0.0,0.0,0,0.0,0.0,0.3,0.0,0.0,0,0.0,0.0,0,0.0,0.0,0,0.0,0.0,-0.3,0.0,0.0,-0.6,0.0,0.0,-0.9,0.0,0.0,0,6,0.45,0,2,1,1,1,1,0.15,0.0,-0.15,0.15,0.0,-0.15,0.15,0.0,-0.15,0.15,0.0,-0.15,0.15,0.0,-0.15,0.15,0.0,0.15,E,0.045,0.0,0.0648,0.045,0.0,0.0648,0.045,0.0,0.0648,0.045,0.0,0.0648,0.045,0.0,0.0648,0.045,0.0,-0.0648,,,,,,,,,,,,,,,
84,6,0.0,0.0,0.0,0.3,0.295,0.0648,Z,W,5,Y,,T,L,,T,L,,T,L,,T,L,,T,L,bt,B,L,,bt5,h5z,0.0,0.0,0,0.0,0.0,0.9,0.0,0.0,0,0.0,0.0,0.6,0.0,0.0,0,0.0,0.0,0.3,0.0,0.0,0,0.0,0.0,0,0.0,0.0,0,0.0,0.0,-0.3,0.0,0.0,-0.6,0.0,0.0,-0.9,0.0,0.0,0,6,0.45,0,2,1,1,1,1,0.15,0.0,-0.15,0.15,0.0,-0.15,0.15,0.0,-0.15,0.15,0.0,-0.15,0.15,0.0,-0.15,0.15,0.0,0.15,W,0.045,0.0,0.0648,0.045,0.0,0.0648,0.045,0.0,0.0648,0.045,0.0,0.0648,0.045,0.0,0.0648,0.045,0.0,-0.0648,,,,,,,,,,,,,,,
